{"block_id":"header dashboard_34785","block_name":"Header","block_description":" ","block_fields":[{"field_class_name":"","possible_value_query":"","field_label":" <span>Edit Profile</span> <i class=\"material-icons md-light\">person</i>","tooltip":"","validation_messages":[],"event_list":[],"is_conditional_value":0,"comment_character_limit":0,"camera_config":{"camera_mode":"","supported_orientation":"","is_retry_enabled":"false","capture_button_display_text":"","retry_button_display_text":"","ok_button_display_text":"","enable_auto_capture":"false","enable_edge_detection":"false","enable_autofocus":"false"},"attachment":["",""],"field_character_limit":0,"has_comment":0,"additional_parameters":[],"conditional_value":[],"custom_settings":{"Provider":"","signature_panel":""},"possible_value_type":"Options","request_api_key":"","seq":5,"response_api_key":"","menu_id":"","unique_id":"edit_profile_000001","link_config":[],"placeholder_text":"","is_editable":1,"is_mandatory":0,"mapConfig":{"datasource":"","mapProvider":"","mapMarkerImage":"","zoom":false,"pan":false,"defaultZoom":0,"mapLabelApiKey":"","mapLatitudeApiKey":"","mapLongitudeApiKey":"","mapInfoLabel":"","mapLayers":""},"mandatory_condition":{"condition":[],"query":""},"editable_condition":{"condition":[],"query":""},"validation_regex":"0","api_key":"","message_code":"","possible_values":[],"field_type":"Button","possible_value_api":"","display_condition":{"condition":[],"query":""},"field_style":{"bootstrap_class_name":"col-2 text-right","custom_class_name":"btn btn-light iconPosition","field_assets":[]},"field_values":[{"value":"","display_type":"","result_condition":{"display_step":""}}],"is_display":1,"repeatable_block_configuration":{"linked_block_id":"none","add_more_field_id":"none","remove_field_id":"none","add_more_field_label":"","remove_field_label":"","no_of_allowed_blocks":0},"custom_class_condition":{"condition":[],"query":""}},{"field_class_name":"","possible_value_query":"","field_label":" <span>Logout</span> <i class=\"material-icons md-light\">logout</i>","tooltip":"","validation_messages":[],"event_list":[{"event_id":"logout_000001_34802","event_params":[{"condition":[],"query":"","library_id":"","event_handler":"","event_config":{"display_step":"Login Step"},"invoke_event_config":{"additional_parameters":[],"callback_config":{}}}],"display_type":"Step","event_name":"OnClick","isDefault":true,"next_event_id":""}],"is_conditional_value":0,"comment_character_limit":0,"camera_config":{"camera_mode":"","supported_orientation":"","is_retry_enabled":"false","capture_button_display_text":"","retry_button_display_text":"","ok_button_display_text":"","enable_auto_capture":"false","enable_edge_detection":"false","enable_autofocus":"false"},"attachment":["",""],"field_character_limit":0,"has_comment":0,"additional_parameters":[],"conditional_value":[],"custom_settings":{"Provider":"","signature_panel":""},"possible_value_type":"Options","request_api_key":"","seq":10,"response_api_key":"","menu_id":"","unique_id":"logout_000001","link_config":[],"placeholder_text":"","is_editable":1,"is_mandatory":0,"mapConfig":{"datasource":"","mapProvider":"","mapMarkerImage":"","zoom":false,"pan":false,"defaultZoom":0,"mapLabelApiKey":"","mapLatitudeApiKey":"","mapLongitudeApiKey":"","mapInfoLabel":"","mapLayers":""},"mandatory_condition":{"condition":[],"query":""},"editable_condition":{"condition":[],"query":""},"validation_regex":"","api_key":"","message_code":"","possible_values":[],"field_type":"Button","possible_value_api":"","display_condition":{"condition":[],"query":""},"field_style":{"bootstrap_class_name":"col-1","custom_class_name":"btn btn-light iconPosition","field_assets":[]},"field_values":[{"value":"","display_type":"","result_condition":{"display_step":""}}],"is_display":1,"repeatable_block_configuration":{"linked_block_id":"none","add_more_field_id":"none","remove_field_id":"none","add_more_field_label":"","remove_field_label":"","no_of_allowed_blocks":0},"custom_class_condition":{"condition":[],"query":""}}],"additional_parameters":[],"block_style":{"font_color":"","font_name":"","background_image":{"font_color":"","asset_status":""},"background_color":"","bootstrap_class_name":"","custom_class_name":"header-dashboard"},"conditional_mandatory":[{"condition":[],"query":""}],"conditional_visible":[{"condition":[],"query":""}],"conditional_editable":[{"condition":[],"query":""}],"events":[],"custom_class_condition":{"condition":[],"query":""}}