{"tid":"34770_create_new","step_name":"QR Codes_create_new","screen_name":"QR Codes_create_new","step_api_url":"","display_as_modal":0,"dismiss_modal":0,"conditional":false,"step_action":{"api_information":"","message_code":"","additional_parameters":[{"parameter_type":"stepBlocks","value":"header dashboard_34785"}]},"event_list":[],"step_style":{"background_color":"","background_image":{"path":"","asset_status":""},"resolution_unit":"","step_height":"","step_width":"","font_size":"","font_style":"","font_name":"","font_color":"","bootstrap_class_name":"","custom_class_name":"qr-codes-screen","header_footer_styling":{"header_view_description":{"desc":""},"footer_view_description":{"desc":""}}},"template":[],"dependency_condition":{"condition":[],"query":""},"meta_title":"","meta_description":"","section":[{"fields":[],"additional_parameters":[],"section_id":"0_34770_create_new","section_name":"Section_create_new","section_style":{"font_color":"","font_name":"","background_image":{"font_color":"","asset_status":""},"background_color":"","bootstrap_class_name":"section-","custom_class_name":""},"section_class_name":"","conditional_mandatory":[{"condition":[],"query":""}],"conditional_visible":[{"condition":[],"query":""}],"conditional_editable":[{"condition":[],"query":""}],"events":[],"parent_section_id":""},{"fields":[],"additional_parameters":[],"section_id":"5_34770_create_new","section_name":"Section_heading_create_new","section_style":{"font_color":"","font_name":"","background_image":{"font_color":"","asset_status":""},"background_color":"","bootstrap_class_name":"section-heading","custom_class_name":""},"section_class_name":"","conditional_mandatory":[{"condition":[],"query":""}],"conditional_visible":[{"condition":[],"query":""}],"conditional_editable":[{"condition":[],"query":""}],"events":[],"parent_section_id":""},{"fields":[{"field_class_name":"","possible_value_query":"","field_label":"","tooltip":"","validation_messages":[],"event_list":[],"is_conditional_value":0,"comment_character_limit":0,"camera_config":{"camera_mode":"","supported_orientation":"","is_retry_enabled":"false","capture_button_display_text":"","retry_button_display_text":"","ok_button_display_text":"","enable_auto_capture":"false","enable_edge_detection":"false","enable_autofocus":"false"},"attachment":["",""],"field_character_limit":0,"has_comment":0,"additional_parameters":[{"parameter_type":"default_value","value":"Sidebar_Block_34779"}],"conditional_value":[],"custom_settings":{"Provider":"","signature_panel":""},"possible_value_type":"Options","request_api_key":"","seq":5,"response_api_key":"","menu_id":"","unique_id":"sidebar_gb_001_create_new","link_config":[],"placeholder_text":"","is_editable":1,"is_mandatory":0,"mapConfig":{"datasource":"","mapProvider":"","mapMarkerImage":"","zoom":false,"pan":false,"defaultZoom":0,"mapLabelApiKey":"","mapLatitudeApiKey":"","mapLongitudeApiKey":"","mapInfoLabel":"","mapLayers":""},"mandatory_condition":{"condition":[],"query":""},"editable_condition":{"condition":[],"query":""},"validation_regex":"","api_key":"","message_code":"","possible_values":[],"field_type":"Generic Block","possible_value_api":"","display_condition":{"condition":[],"query":""},"field_style":{"bootstrap_class_name":"col-12","custom_class_name":"sidebar-qrcode","field_assets":[]},"field_values":[{"value":"","display_type":"","result_condition":{"display_step":""}}],"is_display":1,"repeatable_block_configuration":{"linked_block_id":"none","add_more_field_id":"none","remove_field_id":"none","add_more_field_label":"","remove_field_label":"","no_of_allowed_blocks":0},"custom_class_condition":{"condition":[],"query":""}}],"additional_parameters":[],"section_id":"10_34770_create_new","section_name":"Section_sidebar_create_new","section_style":{"font_color":"","font_name":"","background_image":{"font_color":"","asset_status":""},"background_color":"","bootstrap_class_name":"section-sidebar col-3 page-sidebar","custom_class_name":""},"section_class_name":"","conditional_mandatory":[{"condition":[],"query":""}],"conditional_visible":[{"condition":[],"query":""}],"conditional_editable":[{"condition":[],"query":""}],"events":[],"parent_section_id":""},{"fields":[{"field_class_name":"","possible_value_query":"","field_label":"Container type","tooltip":"","validation_messages":[],"event_list":[],"is_conditional_value":0,"comment_character_limit":0,"camera_config":{"camera_mode":"","supported_orientation":"","is_retry_enabled":"false","capture_button_display_text":"","retry_button_display_text":"","ok_button_display_text":"","enable_auto_capture":"false","enable_edge_detection":"false","enable_autofocus":"false"},"attachment":["",""],"field_character_limit":0,"has_comment":0,"additional_parameters":[],"conditional_value":[],"custom_settings":{"Provider":"","signature_panel":""},"possible_value_type":"Options","request_api_key":"CreateRecord##container_type","seq":5,"response_api_key":"","menu_id":"","unique_id":"container_type_create_new","link_config":[],"placeholder_text":"Select one","is_editable":1,"is_mandatory":1,"mapConfig":{"datasource":"","mapProvider":"","mapMarkerImage":"","zoom":false,"pan":false,"defaultZoom":0,"mapLabelApiKey":"","mapLatitudeApiKey":"","mapLongitudeApiKey":"","mapInfoLabel":"","mapLayers":""},"mandatory_condition":{"condition":[],"query":""},"editable_condition":{"condition":[],"query":""},"validation_regex":"","api_key":"","message_code":"","possible_values":["One-ton Refillable||One-ton Refillable","Half-ton Refillable||Half-ton Refillable","239 Pound Refillable||239 Pound Refillable","123 Pound Refillable (aka 125 Pounders)||123 Pound Refillable (aka 125 Pounders)","123 Pound squat Refillable||123 Pound squat Refillable"],"field_type":"Picker","possible_value_api":"","display_condition":{"condition":[],"query":""},"field_style":{"bootstrap_class_name":"container-type fields-input col-12","custom_class_name":"","field_assets":[]},"field_values":[{"value":"","display_type":"","result_condition":{"display_step":""}}],"is_display":1,"repeatable_block_configuration":{"linked_block_id":"none","add_more_field_id":"none","remove_field_id":"none","add_more_field_label":"","remove_field_label":"","no_of_allowed_blocks":0},"custom_class_condition":{"condition":[],"query":""}},{"field_class_name":"","possible_value_query":"","field_label":"Blend type","tooltip":"","validation_messages":[],"event_list":[],"is_conditional_value":0,"comment_character_limit":0,"camera_config":{"camera_mode":"","supported_orientation":"","is_retry_enabled":"false","capture_button_display_text":"","retry_button_display_text":"","ok_button_display_text":"","enable_auto_capture":"false","enable_edge_detection":"false","enable_autofocus":"false"},"attachment":["",""],"field_character_limit":0,"has_comment":0,"additional_parameters":[],"conditional_value":[],"custom_settings":{"Provider":"","signature_panel":""},"possible_value_type":"Options","request_api_key":"CreateRecord##blend_type","seq":10,"response_api_key":"","menu_id":"","unique_id":"blend_type_00001_create_new","link_config":[],"placeholder_text":"Select one","is_editable":1,"is_mandatory":0,"mapConfig":{"datasource":"","mapProvider":"","mapMarkerImage":"","zoom":false,"pan":false,"defaultZoom":0,"mapLabelApiKey":"","mapLatitudeApiKey":"","mapLongitudeApiKey":"","mapInfoLabel":"","mapLayers":""},"mandatory_condition":{"condition":[],"query":""},"editable_condition":{"condition":[],"query":""},"validation_regex":"","api_key":"","message_code":"","possible_values":["MP-39 R-401A||MP-39 R-401A","MP-66 R-401B||MP-66 R-401B","MP-52 R-401C||MP-52 R-401C","HP-80 R-402A||HP-80 R-402A","HP-81 R-402B||HP-81 R-402B"],"field_type":"Picker","possible_value_api":"","display_condition":{"condition":[],"query":""},"field_style":{"bootstrap_class_name":"blend-type field-input col-12","custom_class_name":"","field_assets":[]},"field_values":[{"value":"","display_type":"","result_condition":{"display_step":""}}],"is_display":1,"repeatable_block_configuration":{"linked_block_id":"none","add_more_field_id":"none","remove_field_id":"none","add_more_field_label":"","remove_field_label":"","no_of_allowed_blocks":0},"custom_class_condition":{"condition":[],"query":""}},{"field_class_name":"","possible_value_query":"","field_label":"","tooltip":"","validation_messages":[],"event_list":[],"is_conditional_value":0,"comment_character_limit":0,"camera_config":{"camera_mode":"","supported_orientation":"","is_retry_enabled":"false","capture_button_display_text":"","retry_button_display_text":"","ok_button_display_text":"","enable_auto_capture":"false","enable_edge_detection":"false","enable_autofocus":"false"},"attachment":["",""],"field_character_limit":0,"has_comment":0,"additional_parameters":[],"conditional_value":[],"custom_settings":{"Provider":"","signature_panel":""},"possible_value_type":"Options","request_api_key":"CreateRecord##numberOfCode","seq":11,"response_api_key":"","menu_id":"","unique_id":"no_of_qr_code_create_new","link_config":[],"placeholder_text":"Enter the number of QR codes to be created","is_editable":1,"is_mandatory":0,"mapConfig":{"datasource":"","mapProvider":"","mapMarkerImage":"","zoom":false,"pan":false,"defaultZoom":0,"mapLabelApiKey":"","mapLatitudeApiKey":"","mapLongitudeApiKey":"","mapInfoLabel":"","mapLayers":""},"mandatory_condition":{"condition":[],"query":""},"editable_condition":{"condition":[],"query":""},"validation_regex":"0","api_key":"","message_code":"","possible_values":[],"field_type":"Textfield","possible_value_api":"","display_condition":{"condition":[],"query":""},"field_style":{"bootstrap_class_name":"no-of-qr-code text-field col-12","custom_class_name":"","field_assets":[]},"field_values":[{"value":"","display_type":"","result_condition":{"display_step":""}}],"is_display":1,"repeatable_block_configuration":{"linked_block_id":"none","add_more_field_id":"none","remove_field_id":"none","add_more_field_label":"","remove_field_label":"","no_of_allowed_blocks":0},"custom_class_condition":{"condition":[],"query":""}},{"field_class_name":"","possible_value_query":"","field_label":"Create QR Code","tooltip":"","validation_messages":[],"event_list":[{"event_id":"create_qr_code_0001_34775_create_new","event_params":[{"condition":[],"query":"","library_id":"","event_handler":"QRcodeGeneration","event_config":{"display_step":"InvokeAPI"},"invoke_event_config":{"additional_parameters":[],"callback_config":{"onFailure":[{"next_event_id":"create_qr_code_00001_create_new_message_35073","api_keys":[""],"message_code":"","NavigatetoNextPage":false,"api_response":{"response_values":{},"header_status":""},"additional_parameters":[]}],"onResponse":[{"next_event_id":"create_qr_code_00001_create_new_message_35073","api_keys":[""],"message_code":"","NavigatetoNextPage":false,"api_response":{"response_values":{},"header_status":"200"},"additional_parameters":[]}]}}}],"display_type":"Framework","event_name":"OnClick","isDefault":false,"next_event_id":""},{"event_id":"create_qr_code_00001_create_new_create_Record_35072","event_params":[{"condition":[],"query":"","library_id":"","event_handler":"CreateRecord","event_config":{"display_step":"InvokeAPI"},"invoke_event_config":{"additional_parameters":[],"callback_config":{"onFailure":[{"next_event_id":"create_qr_code_00001_create_new_exception_35074","api_keys":[""],"message_code":"","NavigatetoNextPage":false,"api_response":{"response_values":{},"header_status":""},"additional_parameters":[]}]}}}],"display_type":"Framework","event_name":"OnClick","isDefault":true,"next_event_id":""},{"event_id":"create_qr_code_00001_create_new_message_35073","event_params":[{"condition":[],"query":"","library_id":"","event_handler":"","event_config":{"display_step":"messageModal"},"invoke_event_config":{"additional_parameters":[],"callback_config":{}}}],"display_type":"Step","event_name":"OnClick","isDefault":false,"next_event_id":""},{"event_id":"create_qr_code_00001_create_new_exception_35074","event_params":[{"condition":[],"query":"","library_id":"","event_handler":"","event_config":{"display_step":"messageModal_g"},"invoke_event_config":{"additional_parameters":[],"callback_config":{}}}],"display_type":"Step","event_name":"OnClick","isDefault":false,"next_event_id":""}],"is_conditional_value":0,"comment_character_limit":0,"camera_config":{"camera_mode":"","supported_orientation":"","is_retry_enabled":"false","capture_button_display_text":"","retry_button_display_text":"","ok_button_display_text":"","enable_auto_capture":"false","enable_edge_detection":"false","enable_autofocus":"false"},"attachment":["",""],"field_character_limit":0,"has_comment":0,"additional_parameters":[],"conditional_value":[],"custom_settings":{"Provider":"","signature_panel":""},"possible_value_type":"Options","request_api_key":"","seq":15,"response_api_key":"","menu_id":"","unique_id":"create_qr_code_00001_create_new","link_config":[],"placeholder_text":"","is_editable":1,"is_mandatory":0,"mapConfig":{"datasource":"","mapProvider":"","mapMarkerImage":"","zoom":false,"pan":false,"defaultZoom":0,"mapLabelApiKey":"","mapLatitudeApiKey":"","mapLongitudeApiKey":"","mapInfoLabel":"","mapLayers":""},"mandatory_condition":{"condition":[],"query":""},"editable_condition":{"condition":[],"query":""},"validation_regex":"","api_key":"","message_code":"","possible_values":[],"field_type":"Button","possible_value_api":"","display_condition":{"condition":[],"query":""},"field_style":{"bootstrap_class_name":"create-qr-code col-4","custom_class_name":"btn-info create-qr-child","field_assets":[]},"field_values":[{"value":"","display_type":"","result_condition":{"display_step":""}}],"is_display":1,"repeatable_block_configuration":{"linked_block_id":"none","add_more_field_id":"none","remove_field_id":"none","add_more_field_label":"","remove_field_label":"","no_of_allowed_blocks":0},"custom_class_condition":{"condition":[],"query":""}},{"field_class_name":"","possible_value_query":"","field_label":"Print QR Code","tooltip":"","validation_messages":[],"event_list":[{"event_id":"print_qr_code_00001_34776_create_new","event_params":[{"condition":[],"event_config":{"display_step":"0"},"invoke_event_config":{"additional_parameters":[],"callback_config":{}}}],"display_type":"Step","event_name":"OnClick","isDefault":false}],"is_conditional_value":0,"comment_character_limit":0,"camera_config":{"camera_mode":"","supported_orientation":"","is_retry_enabled":"false","capture_button_display_text":"","retry_button_display_text":"","ok_button_display_text":"","enable_auto_capture":"false","enable_edge_detection":"false","enable_autofocus":"false"},"attachment":["",""],"field_character_limit":0,"has_comment":0,"additional_parameters":[],"conditional_value":[],"custom_settings":{"Provider":"","signature_panel":""},"possible_value_type":"Options","request_api_key":"","seq":25,"response_api_key":"","menu_id":"","unique_id":"print_qr_code_00001_create_new","link_config":[],"placeholder_text":"","is_editable":1,"is_mandatory":0,"mapConfig":{"datasource":"","mapProvider":"","mapMarkerImage":"","zoom":false,"pan":false,"defaultZoom":0,"mapLabelApiKey":"","mapLatitudeApiKey":"","mapLongitudeApiKey":"","mapInfoLabel":"","mapLayers":""},"mandatory_condition":{"condition":[],"query":""},"editable_condition":{"condition":[],"query":""},"validation_regex":"","api_key":"","message_code":"","possible_values":[],"field_type":"Button","possible_value_api":"","display_condition":{"condition":[],"query":""},"field_style":{"bootstrap_class_name":"print-qr-code col-8","custom_class_name":" btn btn-info","field_assets":[]},"field_values":[{"value":"","display_type":"","result_condition":{"display_step":""}}],"is_display":1,"repeatable_block_configuration":{"linked_block_id":"none","add_more_field_id":"none","remove_field_id":"none","add_more_field_label":"","remove_field_label":"","no_of_allowed_blocks":0},"custom_class_condition":{"condition":[],"query":""}},{"field_class_name":"","possible_value_query":"","field_label":"CEE_barcodeType","tooltip":"","validation_messages":[],"event_list":[],"is_conditional_value":0,"comment_character_limit":0,"camera_config":{"camera_mode":"","supported_orientation":"","is_retry_enabled":"false","capture_button_display_text":"","retry_button_display_text":"","ok_button_display_text":"","enable_auto_capture":"false","enable_edge_detection":"false","enable_autofocus":"false"},"attachment":["",""],"field_character_limit":0,"has_comment":0,"additional_parameters":[{"parameter_type":"default_value","value":"5"}],"conditional_value":[],"custom_settings":{"Provider":"","signature_panel":""},"possible_value_type":"Options","request_api_key":"QRcodeGeneration##CEE_barcodeType","seq":26,"response_api_key":"","menu_id":"","unique_id":"CEE_barcodeType_create_new","link_config":[],"placeholder_text":"","is_editable":1,"is_mandatory":0,"mapConfig":{"datasource":"","mapProvider":"","mapMarkerImage":"","zoom":false,"pan":false,"defaultZoom":0,"mapLabelApiKey":"","mapLatitudeApiKey":"","mapLongitudeApiKey":"","mapInfoLabel":"","mapLayers":""},"mandatory_condition":{"condition":[],"query":""},"editable_condition":{"condition":[],"query":""},"validation_regex":"","api_key":"","possible_values":[],"field_type":"Textfield","possible_value_api":"","display_condition":{"condition":[],"query":""},"field_style":{"bootstrap_class_name":"d-none","custom_class_name":"","field_assets":[]},"field_values":[{"value":"","display_type":"","result_condition":{"display_step":""}}],"is_display":1,"repeatable_block_configuration":{"linked_block_id":"none","add_more_field_id":"none","remove_field_id":"none","add_more_field_label":"","remove_field_label":"","no_of_allowed_blocks":0},"custom_class_condition":{"condition":[],"query":""}},{"field_class_name":"","possible_value_query":"","field_label":"","tooltip":"","validation_messages":[],"event_list":[],"is_conditional_value":0,"comment_character_limit":0,"camera_config":{"camera_mode":"","supported_orientation":"","is_retry_enabled":"false","capture_button_display_text":"","retry_button_display_text":"","ok_button_display_text":"","enable_auto_capture":"false","enable_edge_detection":"false","enable_autofocus":"false"},"attachment":["",""],"field_character_limit":0,"has_comment":0,"additional_parameters":[],"conditional_value":[],"custom_settings":{"Provider":"","signature_panel":""},"possible_value_type":"Options","request_api_key":"QRcodeGeneration##record_id","seq":50,"response_api_key":"CreateRecord##result.application_id","menu_id":"","unique_id":"recordID_id","link_config":[],"placeholder_text":"","is_editable":1,"is_mandatory":0,"mapConfig":{"datasource":"","mapProvider":"","mapMarkerImage":"","zoom":false,"pan":false,"defaultZoom":0,"mapLabelApiKey":"","mapLatitudeApiKey":"","mapLongitudeApiKey":"","mapInfoLabel":"","mapLayers":""},"mandatory_condition":{"condition":[],"query":""},"editable_condition":{"condition":[],"query":""},"validation_regex":"0","api_key":"","message_code":"","possible_values":[],"field_type":"Textfield","possible_value_api":"","display_condition":{"condition":[],"query":""},"field_style":{"bootstrap_class_name":"d-none","custom_class_name":"","field_assets":[]},"field_values":[{"value":"","display_type":"","result_condition":{"display_step":""}}],"is_display":1,"repeatable_block_configuration":{"linked_block_id":"none","add_more_field_id":"none","remove_field_id":"none","add_more_field_label":"","remove_field_label":"","no_of_allowed_blocks":0},"custom_class_condition":{"condition":[],"query":""}}],"additional_parameters":[],"section_id":"15_34770_create_new","section_name":"Section_body_create_new","section_style":{"font_color":"","font_name":"","background_image":{"font_color":"","asset_status":""},"background_color":"","bootstrap_class_name":"section-body col-9","custom_class_name":""},"section_class_name":"","conditional_mandatory":[{"condition":[],"query":""}],"conditional_visible":[{"condition":[],"query":""}],"conditional_editable":[{"condition":[],"query":""}],"events":[],"parent_section_id":""}]}