{"block_id":"header_1_34764","block_name":"Header","block_description":" field_types_header_block","block_fields":[],"additional_parameters":[],"block_style":{"font_color":"","font_name":"","background_image":{"font_color":"","asset_status":""},"background_color":"","bootstrap_class_name":"col-12 header1","custom_class_name":"fields-header"},"conditional_mandatory":[{"condition":[],"query":""}],"conditional_visible":[{"condition":[],"query":""}],"conditional_editable":[{"condition":[],"query":""}],"events":[],"custom_class_condition":{"condition":[],"query":""}}