[{"sequenceId":["default_workflow_6389a074ba7f2d00017d37ab"],"stepId":"34763","data":{"sections":[{"5_34763":["login_label:::","email_address_1:::","password_1:::","stay_signed_in_switch:::","forgot_psswrd:::","register_label:::","login_btn:::"]},{"10_34763":["login_heading_text_000001:::","login_heading_image_000001:::"]}],"blocks":[{"header_1_34764":[]}]}},{"sequenceId":["default_workflow_6389a074ba7f2d00017d37ab"],"stepId":"34765","data":{"sections":[{"5_34765":["pswrd_reset_label_1:::","pswrd_reset_label_2:::","psswrd_reset_txtfld:::","psswrd_reset_btn:::"]}],"blocks":[{"header_1_34764":[]}]}},{"sequenceId":["default_workflow_6389a074ba7f2d00017d37ab","authenticated_63a008deba7f2d00017d37b7"],"stepId":"34769","data":{"sections":[{"5_34769":[]},{"10_34769":["sidebar_gb_000001:::","sidebar_generic_block:::"]},{"15_34769":["qr_code:::","asstets_btn_body:::","profile_tile:::"]}],"blocks":[{"header dashboard_34785":["edit_profile_000001:::","logout_000001:::"]}]}},{"sequenceId":["default_workflow_6389a074ba7f2d00017d37ab","authenticated_63a008deba7f2d00017d37b7"],"stepId":"34770","data":{"sections":[{"0_34770":[]},{"5_34770":[]},{"10_34770":["sidebar_gb_001:::"]},{"15_34770":["create_form_qr:::","container_type:::","blend_type_00001:::","no_of_qr_code:::","create_qr_code_00001:::","print_qr_code_00001:::","CEE_barcodeType:::"]}],"blocks":[{"header dashboard_34785":["edit_profile_000001:::","logout_000001:::"]}]}},{"sequenceId":["default_workflow_6389a074ba7f2d00017d37ab","authenticated_63a008deba7f2d00017d37b7"],"stepId":"34781","data":{"sections":[{"5_34781":[]},{"7_34781":["qr_icons_00001sidebar:::"]},{"10_34781":["qr_icons_00001:::","or_code_heading_00001:::","list_qr_code:::","btn_back_00001:::","Print_000001:::"]},{"15_34781":[]}],"blocks":[{"header dashboard_34785":["edit_profile_000001:::","logout_000001:::"]}]}},{"sequenceId":["default_workflow_6389a074ba7f2d00017d37ab"],"stepId":"34770_create_new","data":{"sections":[{"0_34770_create_new":[]},{"5_34770_create_new":[]},{"10_34770_create_new":["sidebar_gb_001_create_new:::"]},{"15_34770_create_new":["create_form_qr_create_new:::","container_type_create_new:::","blend_type_00001_create_new:::","no_of_qr_code_create_new:::","create_qr_code_00001_create_new:::","print_qr_code_00001_create_new:::","CEE_barcodeType_create_new:::"]}],"blocks":[{"header dashboard_34785":["edit_profile_000001:::","logout_000001:::"]}]}},{"sequenceId":["modal_63b3d832a735cf00014068c6"],"stepId":"35075_exception","data":{"sections":[{"0_35075_exception":["modal_title_exception:::","modal-heading-closeicon_exception:::"]},{"5_35075_exception":["icon_exception:::","error_message_exception:::"]},{"10_35075_exception":[]}],"blocks":[]}},{"sequenceId":["modal_63b3d832a735cf00014068c6"],"stepId":"35075","data":{"sections":[{"0_35075":["modal_title:::","modal-heading-closeicon:::"]},{"5_35075":["icon:::","error_message:::"]},{"10_35075":[]}],"blocks":[]}}]